date,phase,posts,replies,follows,likes,followers_gained,notes
2026-02-27,Phase B,5,1,8,25,0,0,N/A,N/A,Auto-updated
2026-02-27T17:10:00.000Z,3,14,28,0,73
{
  "phase": "B",
  "followers": 3,
  "following": 13,
  "tweets": 31,
  "listed": 0,
  "likes": 72
}
2026-02-27T23:04:38Z,3,13,31,0,72
2026-02-28,Phase B,15,33,0,77,0,0,N/A,N/A,Auto-updated
2026-02-28T05:05:48.398Z,3,13,31,0,72
2026-02-28T06:06:00Z,3,13,31,0,72
2026-02-28T13:04:58.039Z,3,15,33,0,72
2026-02-28T15:04:57Z,3,15,33,0,72
2026-02-28T17:04:58Z,3,15,33,0,72
2026-02-28T21:04:57.280Z,3,15,37,0,77
